,0,1,2,3,4,5
0,-4.058444,-2.3487334,-1.4121072,-2.9427185,0.18054377,3.630097
1,2.1800678,2.444102,-0.6405181,-0.18120562,-2.5240908,1.7771437
2,-5.661676,-2.9924645,0.16781119,-1.1404463,1.1123037,2.1594656
3,1.8524752,2.724187,-1.0785474,-0.1259365,-2.3612661,0.76029044
4,-7.1866355,-0.0025816709,1.9938321,2.2128484,-4.225224,0.124178134
5,-6.475138,0.95270145,1.0904944,2.4933372,-3.1397874,-0.109830365
6,2.4494636,2.359585,0.34060547,2.7663176,-1.6488876,-0.8233919
7,-1.8414625,2.3042083,-0.20817292,2.8814702,-1.4400041,-1.0920378
8,-1.540088,0.8846008,-2.3798532,-4.2837405,-1.843062,4.216929
9,-2.6079247,1.6059927,-1.8330321,2.3860445,-2.496174,-2.2752159
10,-16.617634,-8.0497875,5.026954,4.6487126,4.8262644,-2.5542219
11,2.1151023,2.6206138,-0.4414584,1.3447287,-1.896887,-0.70283985
12,-7.74588,-5.111717,-2.9918303,-1.4348526,-1.2719057,0.084864035
13,-7.8262715,-1.0863087,2.9564977,2.3404152,-5.5177894,0.4484577
14,-1.9163588,0.368859,-2.3397632,-4.4512496,-1.4937583,4.609484
15,-6.0170617,0.7468006,0.7331543,2.4507504,-3.5001438,-0.14267088
16,1.3247805,2.68765,0.10328576,0.6911907,-1.9383452,-0.8676373
17,-2.5913901,2.0502033,-0.8432743,2.1507251,-1.905148,-2.0817928
18,0.883873,1.4775779,-0.401199,-2.518681,-2.082353,4.0722175
19,-2.1675243,2.1114707,-0.58080536,2.1006374,-1.986357,-2.0291681
20,1.6834898,2.705965,-0.53002036,-3.0677943,-3.5957708,2.6228733
21,-5.409358,-2.2083328,-0.5396918,-5.2646613,-0.5839096,4.947829
22,-1.7235733,2.392146,1.1631907,2.202577,-1.7218733,-1.3402153
23,0.22721887,1.5956016,1.7518055,-3.20498,-2.1061964,4.0569334
24,-2.937119,-0.6141483,-2.1800253,-4.245925,-2.495801,2.6719732
25,2.2932203,2.6213932,0.40991667,0.28251135,-2.3411577,0.06950392
26,-1.6197742,2.29246,1.0798857,2.00298,-2.1156888,-1.2171923
27,-8.167018,-1.1904544,3.4127712,2.3206859,-5.534909,0.49425167
28,-7.6189055,-0.5830263,2.6395168,2.3966484,-4.91054,0.32796907
29,0.09998306,3.1600971,1.7117188,1.3709128,-1.7738998,-0.451249
30,0.94203854,3.2393358,1.4993391,1.1198653,-1.8111949,-0.21786128
31,2.3409886,2.7775662,0.85729086,1.4192978,-1.9643087,-1.1837305
32,-5.3404636,0.7800822,0.38760045,2.390534,-3.6723747,-0.60764074
33,-3.147287,-1.0214232,-2.1494966,-4.808227,-2.3739834,3.3478022
34,2.0391135,2.6015573,0.2855746,0.15897639,-2.3224988,0.048628047
35,2.1617165,2.5771017,0.15411457,2.5193586,-1.4916134,-0.39492154
36,1.8474813,2.0577872,-0.643072,-2.164757,-3.6754327,3.5616376
37,-1.8058778,1.9489069,-1.0600699,2.6833844,-2.0440824,-1.8563277
38,2.0605547,2.606308,0.45103258,0.73407465,-2.0907161,-0.49906355
39,-3.0146713,1.8977494,-1.1011502,1.9761603,-2.1811967,-2.0118043
40,1.967772,2.4274778,0.858539,-3.7234108,-3.1579156,4.3598495
41,-1.2463378,2.077178,-0.32747462,2.4697952,-2.4837284,-1.1450695
42,-1.6751877,0.69211656,-2.337979,-4.903477,-1.247375,5.6515985
43,1.3982404,1.751894,-0.5149898,-2.2412245,-2.9490638,3.7653837
44,2.8006504,2.6348152,0.20784828,-3.4873428,-3.9361668,3.8098397
45,-2.4670036,2.4305294,0.39578035,2.7473145,-1.0764505,-1.8600949
46,-5.115957,1.6179935,0.10601583,2.5069222,-2.5818372,-0.6251731
47,-2.5100377,2.0623295,-0.929108,2.9894843,-1.3812932,-1.902299
48,-8.452192,-1.0640072,3.9498637,2.479553,-5.2960997,0.49281085
49,-6.58771,0.35637093,1.3194988,2.4329052,-3.9119282,0.03299041
50,-5.6970677,-3.0589218,0.19678625,-0.9088186,1.0512123,1.8497735
51,-0.071959384,1.4455166,1.8444865,-3.1890893,-1.9509419,4.071901
52,1.4689045,2.2616172,1.6576543,-3.09801,-2.7817998,4.053225
53,-1.9281764,2.1308925,-0.3373436,2.0032406,-2.1472085,-1.912336
54,-7.61458,-3.6960073,1.5819623,-0.042420827,2.4243538,1.679389
55,-6.636012,-3.2376027,0.9122578,-0.93923974,1.9222193,2.42147
56,3.0530012,2.7896643,0.8187498,0.80085284,-2.342286,0.41212845
57,-3.9250262,1.9265362,-0.54522926,2.0986118,-2.1005208,-1.5093464
58,1.8573167,2.724479,-1.0658723,-0.07241653,-2.3370166,0.70462143
59,0.07198238,2.814659,0.80915344,2.2312284,-1.3275073,-0.1726064
60,-1.8602605,1.7654836,-1.5631349,2.5468845,-2.3035827,-2.2328146
61,-3.4123561,1.9735471,-0.6953859,3.037879,-1.384821,-1.7675586
62,1.495601,3.237572,1.3148742,0.969782,-1.8001151,-0.044502184
63,-2.176565,2.4189966,0.5830319,3.0291343,-0.859166,-1.7071334
64,1.1190987,2.8702345,0.34234336,2.02837,-1.3941326,-0.007375583
65,2.9705484,2.971937,0.94327945,1.1460875,-1.9128957,0.09391166
66,1.0033457,3.3088975,1.499549,1.1361954,-1.6734643,-0.11496495
67,0.18453632,3.402901,1.8100046,1.6040869,-1.3462337,-0.33176583
68,-0.41878456,2.3294442,0.5387984,2.3899868,-1.8761942,-0.25443763
69,-1.7252089,1.8399416,-1.320324,2.5717597,-2.2708583,-2.039761
70,-1.5975639,0.4469512,-2.0622408,-6.2593803,-2.9661815,4.8787794
71,-5.8439136,0.98061985,0.52910686,2.4663131,-3.2169313,-0.21819593
72,-10.937938,-5.7873034,1.7815969,2.6675186,2.407607,-1.8155409
73,2.561967,2.673946,0.42248568,-0.03725837,-2.5431533,0.4977649
74,-0.099379785,1.3105743,0.48339632,-4.5920877,-2.3434763,4.841318
75,-7.8582597,-0.048029855,2.911337,2.3945737,-4.1137376,0.20572521
76,2.4999156,2.8749406,0.9341725,1.1248097,-2.0402048,-0.23792903
77,-7.003257,-0.4360628,1.9083614,2.1484942,-4.840627,0.18893771
78,1.9522775,2.1779437,-0.67039603,-2.2362466,-3.7740216,3.5589142
79,2.5215397,2.6241672,0.029534366,-4.441308,-3.8410046,4.587477
80,-1.6293273,2.4724724,1.3331735,2.9079924,-0.8989349,-1.45617
81,1.887786,2.6960013,-1.0301135,-0.07737957,-2.3389792,0.8063949
82,0.6668637,1.8225895,1.679518,-3.185845,-2.3372324,4.037927
83,1.176339,2.6053355,-0.4687029,-1.6650364,-2.8552403,1.2375121
84,1.2963625,1.7068626,-0.47362676,-2.3070662,-2.709174,3.831632
85,2.0058372,2.651567,-0.81615275,0.5040978,-2.1063192,0.34212255
86,2.1688561,2.5816464,-0.3416427,1.4815454,-1.8591278,-0.7580146
87,2.5874298,2.7139895,-0.015674982,-2.7590008,-3.675653,2.860082
88,2.7480438,2.640703,0.97224367,1.181309,-2.1500008,-0.5756074
89,-2.0771327,2.361269,0.69268614,2.4079382,-1.5823839,-1.5498577
90,-2.138421,1.8734934,-1.6437798,1.6216724,-2.5657556,-2.336047
91,0.18743894,2.9575534,1.6354225,1.1674036,-2.3630702,-0.6725967
92,0.35306057,2.2884805,0.3891767,2.1217651,-2.427361,-0.069828555
93,2.5508614,2.5700383,0.038278725,-4.058471,-3.9350283,4.2566867
94,2.587911,3.394683,0.98904574,0.9845408,-1.6841851,0.39768863
95,-0.09731329,1.3815721,1.2337463,-3.7962728,-2.0749297,4.4214864
96,-7.781569,-1.52218,2.9189065,2.1831198,-6.1150556,0.49018407
97,-0.98051435,2.3527164,0.090298325,2.4995005,-1.8231521,-0.38682574
98,2.6507053,2.4614325,0.31320912,2.745818,-1.5669755,-0.710682
99,-7.15076,-4.8203764,-2.2194278,-0.61291397,-0.21112554,0.041693583
100,-2.3094623,2.048871,-0.8217596,2.0660326,-2.0254595,-2.1041684
101,2.0290174,2.1161342,-0.5755964,-1.9676709,-3.6249037,3.5595236
102,0.5892285,2.3102577,0.34626582,2.1163986,-2.364217,-0.09301315
103,-8.051077,-1.6630043,3.2769184,2.2187967,-6.21645,0.5734013
104,-3.3631485,1.6322417,-1.3765814,2.4223275,-2.413221,-1.851895
105,2.0467973,2.637674,-0.73862094,0.7030147,-2.0345173,0.16682334
106,2.4983811,2.2896252,0.442568,2.5877128,-1.884692,-1.0995601
107,1.6428227,2.5808513,0.0015311204,-0.42845672,-2.4545016,0.36670184
108,-8.269307,-1.4365908,3.6003203,2.3219154,-5.8332005,0.55692065
109,-7.792292,-5.224231,-2.7310436,-1.068234,-0.71065724,0.086395875
110,1.6597241,2.5861282,-0.04561067,-0.6848707,-2.5624623,0.6029176
111,-2.0786176,2.4276955,0.7585076,2.5338047,-1.3224603,-1.5609952
112,-2.1137779,0.24788074,-2.1763308,-5.1009374,-2.8892407,3.5195231
113,-5.950147,0.7176165,0.6971941,2.4475276,-3.5514042,-0.17233042
114,-0.55251837,2.9738636,1.7361841,1.571231,-1.7483392,-0.6469773
115,-0.8446348,0.6496941,-1.6372299,-6.5460024,-2.924619,5.506822
116,-1.3102211,2.6326225,1.5527487,2.170629,-1.4398156,-1.0864412
117,2.1994672,2.525303,0.60525525,-3.9492369,-3.3594048,4.472407
118,-1.6647464,1.1422902,-2.6225245,-4.131827,-2.3343868,3.5996141
119,-1.9994103,2.310993,-0.2845691,2.9809456,-1.2575281,-1.2668113
120,0.16062921,3.1664376,1.7013428,1.3531346,-1.786181,-0.4427662
121,-6.40039,0.19829695,1.2421417,2.1390412,-4.139751,-0.04595369
122,-2.554287,1.7263376,-2.0519676,1.4063029,-2.9352477,-2.3005223
123,1.5837272,1.859097,-0.40748313,-2.1783679,-2.9345367,3.785781
124,2.4301515,2.7479458,0.8740665,1.3537515,-1.9988397,-1.0546564
125,-0.9708345,2.3320189,0.019637432,2.46134,-1.9984326,-0.37037128
126,-6.097258,0.3469227,0.9167056,2.4202716,-4.0311275,-0.11762731
127,1.5213314,2.9196324,0.15459731,2.022778,-1.2766445,0.066178575
128,2.0765288,2.917413,1.0493231,1.0804842,-2.076912,-0.37337387
129,-2.6270585,-0.37860668,-2.2005744,-5.0857253,-2.665927,3.5313497
130,1.7898558,2.3032913,0.41424277,-4.2109613,-3.2332017,4.53506
131,-0.55679274,3.000794,1.7513642,1.6143191,-1.677686,-0.63377535
132,-9.4516,-4.5633183,2.2638676,-1.1852176,2.1397076,2.2800512
133,-0.99568367,2.365929,0.13408461,2.5294604,-1.7067068,-0.4072749
134,-3.0337474,1.9044679,-1.0788519,1.9901013,-2.1625068,-2.0014462
135,-1.3829103,1.5939889,-1.6450355,2.257682,-3.0319438,-2.5032952
136,-7.1903543,-3.736371,1.1171393,0.21308212,1.8991821,1.0224766
137,0.47282848,3.2250454,1.64941,1.3213139,-1.7730329,-0.3968256
138,-1.2730097,2.366787,-0.17741135,2.5769477,-1.739708,-0.55561924
139,-10.491823,-5.73414,2.250366,-0.16914935,2.380897,1.2500314
140,-7.1970453,0.31186396,1.934345,2.2432523,-3.8064666,0.05840619
141,1.5053242,3.561296,1.5152225,1.1675385,-1.2887702,0.25222003
142,-3.4361055,1.7860364,-1.0328146,2.720252,-1.9326866,-1.7918104
143,2.8436506,2.7049782,0.16612521,-2.921501,-3.8089776,3.2376022
144,1.5085548,3.0242786,0.31047735,2.0112925,-1.1803268,0.16155358
145,-0.010592793,3.1111677,1.7157998,1.3566172,-1.8454738,-0.48976308
146,-8.049315,-5.4108796,-2.9210646,-1.2626804,-0.76988053,0.2594937
147,-6.752808,0.7067357,1.397788,2.205037,-3.3599858,-0.07700597
148,-7.182258,-0.007219568,2.016006,2.4346197,-4.2667356,0.16645436
149,-2.2700562,2.2856529,-0.014413748,2.4010808,-1.5737906,-1.8693162
150,-0.6457833,1.158351,1.9755807,-3.2220242,-1.679159,4.170823
151,-6.600314,-0.1370854,1.4739451,2.131591,-4.546704,0.042110562
152,0.99581325,2.6331496,0.29474977,2.0635755,-1.7348142,-0.103450105
153,0.008763309,1.1996316,-0.29928514,-5.2292876,-2.672561,5.0665746
154,1.5772778,2.7358885,0.037087884,2.072185,-1.5496159,-0.12473653
155,-6.7813516,0.6554951,1.4384129,2.2052643,-3.423264,-0.06274624
156,2.394212,2.5269895,-0.063140124,-4.281304,-3.8865674,4.4048066
157,-2.2742918,2.1869936,-0.3976448,2.2517843,-1.7722502,-1.9772674
158,-7.9231772,-1.183292,3.0536418,2.2433696,-5.6147294,0.46050614
159,-7.7169623,-0.8034492,2.7357223,2.236395,-5.1681614,0.3561896
160,2.0189137,3.0451903,1.057196,0.9329829,-2.009746,-0.15063463
161,-3.2218826,1.5053169,-1.740376,2.1185997,-2.877985,-1.9556528
162,2.4208853,2.5756006,0.07174876,-4.422169,-3.6742835,4.631922
163,-6.5696235,1.3826956,1.1040697,2.217997,-2.484782,-0.258869
164,1.7779653,3.4219685,1.3028188,1.0323662,-1.5245459,0.21925713
165,2.1193266,2.1907916,0.46121442,2.6921122,-1.943342,-1.044783
166,2.328725,2.2312775,0.45875987,2.5718508,-1.9733399,-1.2272866
167,-15.936091,-8.36869,2.8971817,3.1424935,3.06917,-2.2149093
168,-6.12299,-2.6130404,0.08700612,-4.1424017,-0.012008861,4.142542
169,1.3273845,3.601799,1.6155962,1.2278256,-1.2009922,0.22240873
170,2.208391,2.557744,-0.878807,-2.1449819,-3.7987192,3.1171937
171,1.2397698,3.136732,1.350751,1.0253357,-2.055071,-0.32552242
172,-1.9977269,2.2912614,0.40347114,2.2473087,-1.8254402,-1.6377243
173,-2.436474,2.1165066,-0.6569388,2.2093344,-1.8223209,-2.0532339
174,-0.44652727,2.3648696,0.6803413,2.5088582,-1.5848234,-0.3620295
175,2.4890344,2.6776335,1.0453186,1.3774562,-2.0849323,-0.7165687
176,-0.61795306,1.0484176,-1.7446679,-3.9672792,-1.6920154,5.1571746
177,0.46749532,3.1969497,1.6401756,1.2874705,-1.8308365,-0.41002983
178,-7.8986545,-3.5285134,1.4747496,-2.4677138,1.2850244,3.1768126
179,-1.9659053,2.3950014,0.9257197,2.5887754,-1.2740018,-1.4877039
180,1.6878048,2.7399642,-0.0060611106,2.097282,-1.5076861,-0.1087179
181,1.9684101,2.6595945,-0.8863948,0.29631007,-2.1807702,0.5404974
182,-8.254374,-1.5415674,3.5887625,2.3018558,-5.9833546,0.57592815
183,-5.11838,0.90498084,0.3181875,2.001404,-3.5219753,-0.8577523
184,-3.3595412,1.4807837,-1.49205,1.5610018,-3.0694342,-1.950209
185,-3.08366,1.5047743,-1.8245076,2.1273355,-2.866184,-2.0449767
186,2.3335888,2.4992735,-0.106446385,1.7911581,-1.7846859,-0.8001487
187,-7.903253,-0.7966276,3.0046587,2.392967,-5.113264,0.39876997
188,0.63775295,2.3182666,0.3394557,2.1215754,-2.3264823,-0.10343693
189,-5.219319,1.5319697,0.30682853,2.1286466,-2.6347713,-0.69165397
190,-4.318992,-2.0016599,-1.4853809,-4.8162007,-1.399775,3.948845
191,-8.559283,-5.6315727,-2.7800233,-2.2155662,-1.8243642,0.48188245
192,-7.6197786,-1.6327361,2.7236097,2.2673583,-6.3134527,0.4512765
193,1.1534792,2.5991492,-0.4082252,-1.2808925,-2.6885448,0.90379524
194,-2.896031,-1.1553894,-1.9769843,-2.7811582,-1.065266,2.8054674
195,-0.52592546,2.3285155,0.47622654,2.3986826,-1.890507,-0.26226765
196,-2.067567,1.8612065,-1.7804542,1.547831,-2.6614175,-2.376582
197,-3.0945413,1.7197363,-1.5320185,1.607718,-2.7302275,-2.0303264
198,2.4679005,2.466537,-0.11163986,1.7572654,-1.8485663,-0.2967379
199,-1.3976808,0.9453152,-2.2694426,-4.797266,-1.440521,5.4136147
200,-0.57194185,2.8520324,1.6812153,1.4344242,-2.065156,-0.75376266
201,2.5290363,2.3884654,0.33563823,2.7625072,-1.6337852,-0.8065151
202,-6.4371347,-2.7453413,0.33182707,-3.9540713,0.22290818,4.0879064
203,2.6318295,2.4196515,0.30543405,2.2814713,-1.8266343,-0.93672395
204,-5.0957394,0.69644713,0.33219174,1.9626043,-3.8142114,-0.9035034
205,-1.22269,0.2565562,-1.6428494,-6.8383307,-2.7477696,5.9095583
206,-2.9792657,1.8431255,-1.2671286,1.8577547,-2.3390684,-2.050428
207,-3.670836,-2.1729743,-1.8069156,-3.2411072,-0.22330399,3.7684712
208,-2.246827,1.9906472,-1.0704036,2.8665426,-1.6511099,-1.9576253
209,-1.8787087,0.45277625,-2.3415701,-4.69113,-1.4140553,5.005675
210,2.0108159,2.6291802,-0.8254883,0.37757355,-2.147109,0.5584148
211,-8.070985,-4.9438143,-1.0307522,-0.87278867,-0.20610397,0.36224473
212,-6.5892463,0.2771312,1.376118,2.1527972,-3.9742463,-0.0053507537
213,1.4756571,2.9469624,-1.2681333,-0.25433284,-2.4422512,0.18790026
214,-0.93905556,2.8547325,1.6962621,1.8761649,-1.5498372,-0.8256644
215,-1.6331178,2.1994667,0.43346706,1.8720073,-2.3972921,-1.5026034
216,2.2524846,2.5431762,-0.36263624,1.4514139,-1.81639,-0.42725086
217,2.0231915,2.6294932,0.021315303,-1.1079971,-2.8425212,1.1395342
218,2.568742,2.441752,0.21006319,2.1581197,-1.8082539,-0.90195847
219,2.62602,2.3470783,0.41185012,2.529612,-1.8324693,-0.99650097
220,-1.9128739,1.9779805,-0.92076033,1.7869962,-2.4142466,-2.1296463
221,-7.4387784,-0.32855117,2.3114617,2.2233295,-4.6093173,0.22159591
222,2.1527174,2.6057062,-0.50138915,1.2680252,-1.8772281,-0.4332558
223,-1.4488474,2.1414745,-0.28615955,2.6142943,-2.1594405,-1.152768
224,2.8968227,2.706189,1.0503073,1.342602,-1.9674598,-0.26466364
225,2.7551157,2.6912599,0.10486117,-3.1058025,-3.8475635,3.3342538
226,-1.6430682,2.3508584,-0.23031172,2.7620227,-1.5019209,-0.85306656
227,-2.9997008,2.2700276,-0.4877452,3.2763004,-0.74068236,-1.6923742
228,-1.3773974,2.0723197,0.13977519,1.5899067,-2.8712146,-1.5961114
229,-4.958095,1.1606191,0.041336562,2.3758454,-3.2532966,-0.81622374
230,-1.6058884,2.3295693,1.1676338,2.0512347,-1.9918311,-1.2322496
231,-2.1460416,2.344642,0.53807086,2.4330258,-1.5431184,-1.6501881
232,-1.468904,2.6299362,1.4488711,2.9193282,-0.79027265,-1.3616987
233,1.4285249,2.5684724,-0.1496499,-0.71751225,-2.5206885,0.5196432
234,-9.809291,-6.116617,-1.2630302,-0.8026351,-0.1309164,0.16018642
235,-8.777931,-4.8676586,1.2111378,-0.09781645,1.2557569,0.6161698
236,-3.3683708,1.6273638,-1.3898169,1.6122994,-2.849197,-1.9013232
237,-3.7652543,-2.2213435,-1.7765543,-3.316558,-0.10174318,3.9098473
238,-0.08966268,1.1814456,-1.2708277,-3.3884692,-1.9137714,4.6487365
239,1.8143253,1.9882972,-0.5040722,-2.0849023,-3.3907547,3.7099714
240,2.6902544,2.5122535,0.29061666,2.7174134,-1.525229,-0.63955754
241,1.800611,2.585803,0.20799138,0.20235343,-2.2436783,-0.12407218
242,1.9102618,2.897901,-0.74436766,0.83136535,-2.13249,-0.7461413
243,-1.7110564,0.64994746,-2.3631222,-4.3233533,-1.693368,4.3375998
244,-7.9585176,-0.94936806,3.0804708,2.283108,-5.290607,0.4183764
245,2.055771,2.705431,-0.2666476,-2.6155508,-3.5065465,2.4002504
246,1.9396209,2.0513172,-0.5360242,-1.9669421,-3.426669,3.6674905
247,-12.685726,-7.873335,-1.3261969,0.4236908,0.71568525,-0.8794037
248,0.6054342,3.2084043,1.6032953,1.2454737,-1.8332536,-0.36917973
249,2.08757,2.6890678,-0.18621781,-2.2942688,-3.3755102,2.1473546
250,-2.1019444,2.0074313,-1.0223992,2.8346207,-1.7144233,-1.8974777
251,2.1577547,2.3250284,-0.6360566,-2.171065,-3.841649,3.4838564
252,-2.4192836,1.9136521,-1.2623801,1.8641435,-2.2889564,-2.2106514
253,-3.190788,-0.623153,-2.1972303,-3.6177638,-2.4084182,2.0006516
254,1.5159918,2.247113,1.3693724,-3.3335533,-2.8371944,4.1532383
255,2.2304451,2.484694,-0.44619837,1.1196175,-1.9145117,0.23553772
256,0.20054364,1.2406274,-0.605008,-5.435238,-2.8614223,5.1150126
257,0.6761132,3.3366199,1.622874,1.2857399,-1.5856862,-0.19732516
258,-1.2978245,2.4412448,0.03846183,2.7751694,-1.1662395,-0.6606048
259,-3.7302928,2.030178,-0.40492615,3.1071503,-1.2632793,-1.5674108
260,-4.2796054,1.0671288,-0.61604935,1.7360158,-3.449827,-1.4428085
261,-3.6065352,-1.5379424,-1.9851758,-3.8168578,-2.047607,2.5075197
262,-3.8278327,1.3375702,-1.3049473,2.0312417,-3.2353606,-1.5761347
263,2.0922897,2.5309691,-0.705971,0.37616587,-2.1549728,0.88130635
264,-13.040513,-6.6678753,2.8584201,2.6291633,2.9302306,-1.5064331
265,-8.723008,-5.753875,-2.4359467,-1.7474397,-1.0495923,0.49950802
266,0.9659566,1.5506337,-0.5589685,-2.5030007,-2.3955,3.9642916
267,0.29228902,1.561475,0.7963182,-4.1626873,-2.4015882,4.57075
268,-3.778279,1.6443692,-0.9875057,1.7551953,-2.7233045,-1.642007
269,-4.9459524,1.1435816,0.16230991,1.9864521,-3.2389007,-0.9455726
270,-4.283803,0.9416612,-0.78331375,2.0783825,-3.6921725,-1.3446277
271,-4.63804,2.0006993,0.051308777,2.2550185,-1.927211,-1.0361499
272,-2.1507535,2.0693917,-0.70420676,2.0347269,-2.0760493,-2.0685644
273,1.90452,2.820937,-1.370286,-2.8386993,-4.2230034,3.2554152
274,1.3915443,1.7425907,-0.5557997,-2.2324114,-3.0407672,3.7389007
275,-5.7798004,0.77204025,0.6137848,2.4562294,-3.5333464,-0.2870543
276,1.8502814,2.7348182,-1.0625191,0.001541838,-2.302402,0.5877318
277,1.1667029,3.5475216,1.6088679,1.226774,-1.2705067,0.13802488
278,-12.129828,-6.462817,1.8398263,1.7946081,2.041515,-1.1448835
279,-0.24782836,1.0688487,-0.23488805,-5.251073,-2.546639,5.1194987
280,-6.765064,-3.885058,0.28464583,0.3373676,1.167133,0.34227288
281,-4.48048,0.57539004,-0.5459335,2.0409956,-4.175303,-1.2691233
282,2.3658633,3.171806,0.9460434,0.8655039,-1.9352536,0.15033837
283,-2.5088694,2.0318909,-0.9823376,2.9650273,-1.440552,-1.9366955
284,-8.349117,-1.5773034,3.7939367,2.3500357,-6.0270505,0.59873456
285,-1.2218429,1.9566083,-0.6742896,2.3891783,-2.6537442,-1.4045478
286,-8.099653,-0.9145133,3.2828481,2.4057608,-5.2066774,0.4438572
287,-0.24189138,2.3244038,0.5666833,2.3416939,-1.9388446,-0.21478115
288,2.6073809,2.6972172,0.9355227,1.2610555,-2.1147716,-0.82225955
289,-6.845224,0.6375492,1.5054715,2.2137353,-3.4358578,-0.05178587
290,-9.160468,-4.8106985,2.048347,-0.33849835,1.9354689,1.3053646
291,2.5879376,2.6940124,0.2546877,-4.245666,-3.6720095,4.6321807
292,-1.229482,2.5940883,1.5603558,1.9284434,-1.7627661,-1.0746291
293,-4.8407297,1.4912227,0.048216727,2.009416,-2.7888277,-0.96331835
294,-1.5349435,1.9039223,-1.6704679,1.3749624,-3.0229642,-2.537478
295,-0.83677155,2.3724623,0.42428288,2.5737374,-1.5439483,-0.430776
296,-4.2860208,0.9893215,-0.6250827,1.712971,-3.5627835,-1.453952
297,-2.4924777,1.9575187,-1.1130679,2.9018278,-1.5922369,-2.019253
298,-1.9643953,2.3652825,0.7580945,2.322951,-1.6726375,-1.4601957
299,1.802251,2.5875912,0.12105492,-0.18168665,-2.3975697,0.22991772
300,-2.2447524,0.056657955,-2.185951,-5.261051,-2.834609,3.69905
301,1.9744296,2.6106167,0.11376962,-0.5153723,-2.577211,0.6162892
302,-0.65314686,0.64599985,-1.4434826,-6.4730077,-2.891597,5.6301866
303,-6.463633,-0.54824233,1.4990501,2.1406174,-5.1476574,-0.062560424
304,-6.628069,-0.05402197,1.487627,2.3928316,-4.453271,0.09713161
305,-4.708856,-2.4336088,-1.2227466,-3.5895638,-1.0787593,2.8815026
306,-0.0706275,2.7462199,0.8023812,2.2974558,-1.3464539,-0.2179728
307,-6.64114,0.4048186,1.3792162,2.167099,-3.7886112,-0.025631264
308,-4.5651975,1.5555513,-0.36497793,2.3550096,-2.799755,-1.0177392
309,0.3147999,1.2982961,-1.0387912,-2.9910982,-2.2770648,4.286799
310,1.1878453,2.7067297,0.20324907,2.0321038,-1.6383214,-0.10807364
311,-4.445501,1.2732898,-0.38857266,1.8495958,-3.1296282,-1.2838453
312,-2.0146062,1.9298025,-1.2912266,1.7201788,-2.458755,-2.2520893
313,-5.7110615,1.5404216,0.2522426,2.4983532,-2.494893,-0.32197392
314,-7.8025694,-0.8543878,2.8561256,2.2518766,-5.212333,0.3781893
315,1.3140997,3.2611578,1.3808059,1.0206671,-1.7615366,-0.07069503
316,-1.6064425,2.2548833,-0.11114356,2.7027903,-1.814198,-0.8932247
317,-2.1253316,2.4259164,0.655502,2.511713,-1.3683105,-1.5926964
318,2.0820057,2.6138577,0.25491443,-0.027632281,-2.4083662,0.2403862
319,2.664726,2.3609328,0.21012482,2.4365475,-1.7792417,-0.6053221
320,-7.5687923,0.15195905,2.417893,2.3112845,-3.9455526,0.13490812
321,1.8927199,2.7047093,-1.2630479,-1.7970711,-3.4477017,2.3997283
322,1.1459745,2.0132942,0.88985085,-3.854479,-2.7641692,4.3612986
323,2.0271158,2.6291828,-1.0701339,-1.499201,-3.227837,2.3852596
324,-0.341155,3.4076293,2.001469,2.0130694,-1.0224085,-0.50231117
325,-2.5402606,1.3108858,-2.4297233,1.8092675,-3.4740822,-2.4189026
326,-2.951901,1.853355,-1.1608394,2.8427176,-1.720217,-2.0144591
327,-4.5643916,1.6036352,-0.34534082,2.3889964,-2.7106082,-1.0130913
328,-7.349529,-1.1024827,2.3793573,2.1551073,-5.6763573,0.32717896
329,-2.1212351,1.933854,-1.1935385,1.7992712,-2.3722157,-2.2266734
330,1.2736527,2.5754461,-0.105624214,-0.1443267,-2.257924,-0.06172727
331,-1.7563998,2.290969,-0.1701751,2.819426,-1.5654527,-1.0113515
332,-1.8794698,2.260001,0.39380148,2.123692,-2.0139196,-1.6044116
333,-8.281821,-1.050738,3.5989323,2.387937,-5.30248,0.4747644
334,-9.607402,-5.249655,1.9348826,-0.05443278,1.9518464,0.9529859
335,-1.2313861,2.2478826,1.3612804,1.798622,-2.4427786,-1.0713662
336,-9.0157585,-4.7457714,1.99883,-0.31617928,1.86977,1.255997
337,-4.6708045,1.5389303,-0.2337409,2.3851016,-2.808212,-0.94654477
338,2.4259942,2.671754,0.28505045,-0.4699862,-2.6775753,0.788505
339,-1.1522522,1.0602791,-2.3022492,-4.7381535,-1.3236796,5.7220864
340,-0.5190288,3.2458062,1.8966134,1.9451106,-1.1919664,-0.5755925
341,2.5543036,2.5845633,0.22918007,2.6480803,-1.4778675,-0.508248
342,0.4124388,2.8831067,1.6074625,1.1806448,-2.5129192,-0.7788453
343,-6.500852,-4.2059164,-2.4930484,-1.2383244,-1.2371731,0.089531556
344,-8.258119,-0.32624555,3.5912654,2.5088816,-4.3392334,0.29771405
345,-2.865799,2.0063071,-0.9303476,3.010143,-1.3748201,-1.9280971
346,-1.877828,0.8090536,-2.105967,-4.5518904,-2.9634762,2.9880571
347,-1.3280389,2.676887,1.5436053,2.365031,-1.2363671,-1.1202132
348,-2.37615,1.8807518,-1.3918171,1.7814047,-2.3907552,-2.2512236
349,-5.3319325,1.524664,0.18551138,2.5047321,-2.6268654,-0.48774076
350,-1.0786798,1.041437,-1.9554617,-5.8888974,-3.075828,4.5663238
351,3.1406527,2.9620337,0.96698165,1.1329972,-2.0186162,0.18732037
352,-4.730436,1.9519476,-0.06370494,2.9241028,-1.5792531,-0.9465462
353,1.9008012,2.7067907,-0.9853996,0.15200894,-2.24114,0.531358
354,0.5378046,1.3744102,-0.71683764,-2.8143144,-2.0082533,4.2175736
355,1.7788101,3.3709807,1.2785199,1.0005913,-1.6016748,0.16773112
356,1.5347358,3.207559,1.2914096,0.9459789,-1.8553088,-0.06822322
357,-0.19252431,1.1587116,-1.2805476,-3.5126843,-1.6804345,4.7882314
358,2.7958863,2.6242278,0.97801584,1.1961825,-2.1110363,-0.48717374
359,1.8914522,2.6821737,-1.2207346,-1.5050677,-3.211495,2.2008839
360,-2.1209264,2.064542,-0.7045449,2.015082,-2.1047802,-2.0672681
361,-5.193057,0.86391395,0.26275733,2.3713517,-3.5968072,-0.6993158
362,-2.8453712,-0.31795472,-2.2027056,-4.0262604,-2.5661626,2.394803
363,2.5595586,2.6942966,0.35318297,-0.36668855,-2.6818833,0.7677589
364,2.6609147,2.3690357,0.33039647,2.4328108,-1.7998301,-0.82312346
365,-1.7013053,2.3349605,1.0629036,2.1111562,-1.9294192,-1.28211
366,-1.656444,2.305517,1.0601683,2.0429332,-2.0527148,-1.2431191
367,-11.438559,-6.257014,1.1805515,2.0683591,1.9935608,-1.3249172
368,-0.47735086,2.2723913,0.28237304,2.2545838,-2.3869803,-0.15144084
369,-6.7922797,-0.4384945,1.6986709,2.129474,-4.9077964,0.120618336
370,2.202313,2.4339943,-0.053576086,-4.5336623,-3.5952191,4.640084
371,-3.683614,-2.2503827,-1.7269166,-3.0102005,-0.20246948,3.474658
372,2.9441106,3.0156908,0.91167724,1.0903505,-1.9184678,0.13603015
373,-8.358629,-1.4657956,3.7848282,2.3712635,-5.8671184,0.5781663
374,-7.8705015,-3.3441143,1.398484,-3.043261,1.2438152,3.728331
375,2.293543,2.273964,0.45224884,2.4492157,-2.133555,-1.3362486
376,-1.7946002,2.5096772,-0.4603928,2.957866,-0.7625189,-0.9417864
377,-8.344197,-1.3347374,3.7154312,2.3639045,-5.665797,0.54625803
378,1.0782126,2.571076,0.22901472,2.0768225,-1.8123232,-0.124463305
379,-7.61914,-1.5951577,2.742583,2.266873,-6.268069,0.45282742
380,-2.1329439,2.3925095,0.6723674,2.4861395,-1.4535302,-1.5898324
381,2.0784347,2.5975397,0.123457015,2.4625502,-1.500427,-0.35734802
382,1.8548216,2.3519254,0.2911223,2.5508845,-1.8746597,-0.72697574
383,-7.118872,-0.15767701,1.964978,2.1893387,-4.4435964,0.15019663
384,-5.7399273,-2.958891,0.20859912,-1.3771327,1.2686372,2.5281734
385,-1.8288789,2.4029963,1.0954208,2.3599815,-1.5238614,-1.4074367
386,2.0460498,2.6108363,0.23957062,-0.036824718,-2.4025424,0.22985418
387,-1.9164599,1.8812425,-1.7409446,1.524534,-2.6923275,-2.380264
388,-7.720513,-0.92395455,2.7550867,2.2234292,-5.32662,0.38104028
389,-3.1305528,-0.9244483,-2.1356297,-4.3187814,-2.382663,2.8295622
390,-1.5204637,0.80930275,-2.3232503,-4.593914,-1.6562115,4.746181
391,0.13569945,2.2869751,0.4330882,2.1597698,-2.3590264,-0.07955669
392,-1.4706212,2.3700895,-0.23710468,2.6737328,-1.5853364,-0.70667356
393,-0.9747641,2.3804746,0.26966575,2.5924268,-1.539384,-0.45932168
394,-0.52104723,0.94764555,-0.08363411,-5.2050214,-2.3828545,5.1516705
395,2.7718248,2.9305465,0.9275548,1.1233621,-1.9699762,-0.03620623
396,2.7238944,2.721605,0.5211022,0.2505803,-2.5000281,0.39696318
397,2.055077,2.6206906,0.5080503,0.93730414,-2.000587,-0.713022
398,-7.208018,-0.88780695,2.22243,2.3221166,-5.443608,0.30356482
399,-1.8670123,2.1629553,-0.15065733,2.0030515,-2.1618118,-1.8255731
400,-1.1624835,0.9586857,-2.1586072,-4.620228,-1.212507,5.788607
401,-7.721353,-0.96671027,2.7627683,2.2192607,-5.3829994,0.390001
402,1.9516071,2.656896,-0.92699784,0.1325363,-2.2459524,0.7230484
403,-1.2314994,2.374619,-0.13587973,2.586625,-1.6993932,-0.5324059
404,-3.8086524,-1.8240424,-1.9804635,-4.663815,-1.8821983,3.465149
405,-1.4130654,2.5748882,1.5007536,2.3201609,-1.3481604,-1.1797115
406,1.8274231,2.7112124,-1.2727395,-1.3588119,-3.0961637,1.9707524
407,-1.6067754,2.5091455,-0.21495566,2.969132,-0.7500693,-0.88063204
408,0.9502084,3.6211154,1.7445455,1.3540224,-1.1143717,0.1244234
409,2.5489254,2.633727,0.6566533,0.79668206,-2.2048957,-0.29101914
410,-8.274703,-1.6994482,3.655713,2.2882123,-6.1992908,0.6103037
411,2.4606006,2.6438468,0.7039661,1.0470185,-2.0668514,-0.60558486
412,0.85646236,3.368637,1.5788574,1.2254697,-1.55111,-0.10540669
413,-3.1377451,2.2842338,-0.43010995,3.3146827,-0.69119835,-1.668862
414,-0.69131553,1.032702,-1.8034564,-4.0567956,-1.6311923,5.2427998
415,-2.9513857,1.9942312,-0.9142426,3.0117285,-1.382453,-1.9191469
416,-8.052876,-1.317167,3.2540443,2.3266237,-5.76098,0.5156663
417,-7.937382,-0.63450474,3.0310626,2.4244556,-4.8897257,0.37140125
418,2.4383726,2.6311603,0.6477073,0.89964175,-2.125319,-0.4595847
419,-1.5468327,2.377376,-0.2620519,2.7190971,-1.4951059,-0.7654566
420,-4.042703,1.4473981,-1.0168307,2.1551666,-3.0205917,-1.4020973
421,2.1579962,2.4532094,-0.6555135,-0.10249464,-2.4686158,1.6497453
422,-1.8854712,2.0907211,-0.7736648,2.8111384,-1.7516747,-1.6712273
423,2.2832997,2.249425,0.39233312,2.766265,-1.7627908,-0.9619826
424,2.7075887,3.0241747,0.86272466,0.99118614,-1.9882883,0.0631922
425,-15.21365,-7.7963257,3.2828734,3.2759304,3.2191257,-2.0978992
426,-2.200484,1.8592845,-1.6914359,1.6122031,-2.5808659,-2.3383183
427,2.036934,2.7082362,-0.29019612,-2.6887114,-3.5330615,2.4530582
428,-3.218358,-1.0055667,-2.1029477,-4.0328584,-2.324209,2.564585
429,-1.4614406,2.4844341,1.4748685,2.2142792,-1.5381435,-1.2247806
430,1.6038921,1.8656989,-0.49577358,-2.1569698,-3.151382,3.7309897
431,-8.184468,-1.4457303,3.4584756,2.3291333,-5.88998,0.55513877
432,-4.0679417,1.1474739,-1.0387385,2.059763,-3.4484715,-1.4552729
433,-6.950479,0.12819712,1.7330258,2.1876116,-4.0949874,0.070042
434,-0.83580697,0.82619107,0.17349902,-5.081417,-2.1639965,5.162313
435,2.2138603,2.5112035,-0.8167088,-2.2705286,-3.9029655,3.2782664
436,-3.9204118,1.2680732,-0.97019243,1.6751277,-3.2384562,-1.6478419
437,1.6425456,2.4625492,0.13235858,2.325427,-1.8868556,-0.44998276
438,-4.300106,1.0800939,-0.5894828,1.747595,-3.426048,-1.4256439
439,-7.392225,-1.4740332,2.500501,2.2649457,-6.1990166,0.3742463
440,-0.17941904,1.1561714,-1.3527588,-3.4770422,-1.895546,4.721108
441,-7.619324,-0.86052555,2.682195,2.354387,-5.277389,0.38331187
442,2.6162548,2.7119193,1.0445182,1.3211637,-2.0365815,-0.4278865
443,1.8170838,2.7452185,-1.0717301,0.07525827,-2.2518294,0.42823112
444,-3.311624,1.5104861,-1.6756456,2.1226776,-2.8697867,-1.8954977
445,0.40485698,3.3829923,1.7292969,1.4504099,-1.4469478,-0.25431967
446,1.899602,2.7192767,-0.97510815,0.24662103,-2.205805,0.38730025
447,-1.3879336,0.38391328,-0.43855605,-5.7959485,-2.1765532,5.5717134
448,1.8119339,2.658781,0.47467628,1.1147065,-1.8902681,-1.0445734
449,-13.068109,-6.930026,2.0792792,3.152217,2.7462,-2.2270203
450,-1.2351562,0.8906615,-2.015303,-5.9764466,-3.055037,4.6133437
451,-2.2885683,1.986356,-1.0792651,2.874874,-1.6351948,-1.9704229
452,3.0741708,2.7929215,0.850108,0.8834059,-2.2995977,0.36630124
453,-1.5508896,2.306768,1.185627,1.9899108,-2.0937872,-1.1948181
454,2.052862,2.541645,-0.80419236,-0.06967394,-2.3615856,1.2887692
455,2.4037578,2.736833,0.8406625,1.3285449,-1.9924972,-1.02629
456,1.6619556,2.8184836,-1.4731851,-2.005771,-3.4609861,2.3143625
457,0.60808885,1.8021113,1.7645504,-3.122215,-2.296055,4.0077744
458,-7.769205,-0.957275,2.823907,2.2317019,-5.3574767,0.39440167
459,-2.3689198,1.8265389,-1.3498504,2.7756248,-1.8957946,-2.164619
460,-0.46533465,1.2347895,1.8296397,-3.3046715,-1.7798108,4.1874804
461,-0.15852213,1.17006,-1.221854,-3.4854188,-1.6195154,4.7778077
462,-8.137493,-0.19153543,3.3882139,2.5582728,-4.2267323,0.27598503
463,-3.5002496,1.7359942,-1.188329,1.722298,-2.6267142,-1.7893046
464,-2.6166716,2.2465634,-0.5626804,3.17419,-0.9234517,-1.6980312
465,-2.379053,-0.24043913,-2.2790911,-3.2280703,-1.6186726,2.9662488
466,-2.505562,1.511507,-2.0625918,2.2128317,-2.8003764,-2.3699574
467,-2.7757006,1.7810314,-1.6003373,1.6569579,-2.5911121,-2.1742384
468,2.7945712,2.7392428,0.19898424,-1.9943619,-3.4396906,2.41925
469,2.7942805,2.6181996,1.0321531,1.3178314,-2.0541508,-0.5055096
470,-2.5606384,2.2190936,-0.62080836,3.1357558,-1.0148566,-1.7240316
471,-1.544237,2.4942555,0.20722052,3.130527,-0.45196772,-0.9399258
472,-7.6095996,-0.47529966,2.5486894,2.2466938,-4.7625685,0.27462828
473,-3.812636,1.9340781,-0.49193153,2.9760365,-1.5314927,-1.553088
474,-1.1329195,2.3681211,-0.06436971,2.5588093,-1.7546916,-0.47173542
475,1.9725063,2.6117945,0.1000309,-0.5805703,-2.6035767,0.67233396
476,-0.91648364,1.154582,-2.203442,-4.549003,-1.5631447,5.503466
477,-0.9612837,2.3708215,0.2281107,2.5549777,-1.6310396,-0.4254352
478,2.1106234,2.622867,-0.43755367,1.3479989,-1.9003139,-0.72656024
479,-8.358878,-5.6666574,-2.9077995,-1.1712277,-0.38455844,0.43361318
480,-2.614621,2.2798557,-0.21523699,2.5220013,-1.3816601,-1.9340862
481,-3.3210843,1.8612918,-0.96161973,2.8530822,-1.7009423,-1.8427674
482,-1.8391669,2.412323,1.0477483,2.333601,-1.5554886,-1.4084412
483,-8.419754,-1.1043853,3.8767984,2.4602084,-5.3564363,0.50148064
484,1.5021993,2.9372716,0.19198593,2.020949,-1.262555,0.08146234
485,0.6683172,3.4863071,1.7196811,1.3837926,-1.3082298,-0.070012316
486,-4.823853,1.7760624,0.02847984,2.7152805,-2.1161048,-0.85338426
487,-6.57715,-3.8347745,0.07594964,0.23455562,0.987526,0.34311497
488,-1.932323,2.0729904,-0.548843,1.9336388,-2.2353222,-1.9930428
489,-6.147989,0.31755406,1.0631137,2.1481123,-4.0362506,-0.1903717
490,-2.3003232,1.8615159,-1.3031791,2.783071,-1.8617058,-2.1217682
491,-2.675565,2.2888577,-0.19511962,2.555444,-1.3302934,-1.9288679
492,2.0938883,2.6230202,0.17682394,-0.41054302,-2.5650873,0.5864286
493,-2.343211,2.3568149,0.28278735,2.5666356,-1.3524776,-1.8300003
494,-0.8461708,1.0304403,-2.0048764,-4.2895446,-1.5440476,5.4228578
495,-1.8293842,2.2740166,-0.2292755,2.861918,-1.5146252,-1.1554058
496,2.9746187,2.6776748,1.0365615,1.3080467,-2.0094469,-0.20959143
497,-3.3446848,1.7516767,-1.1584499,2.6609292,-2.0266595,-1.8479248
498,-5.1215835,1.1635748,0.28466955,2.0422087,-3.1659942,-0.81762016
499,2.5229323,2.6278026,0.04391053,-4.4332476,-3.821104,4.596197
500,-0.74228466,2.3921957,0.64404756,2.65181,-1.3128263,-0.49485892
501,-2.12575,2.3073583,0.26903895,2.3573878,-1.6621596,-1.7514436
502,-4.442764,1.545686,-0.51772904,2.3131678,-2.828538,-1.1054621
503,-0.7132329,2.2288868,0.119758874,2.2290869,-2.633809,-0.22409163
504,-7.921631,-0.88258845,3.0206294,2.2798982,-5.214854,0.40000033
505,2.7633684,2.7352774,0.20912889,-1.8300142,-3.36292,2.246543
506,-6.1338477,1.2286007,0.7000115,2.4975736,-2.8367224,-0.20312999
507,2.7102406,2.6235092,1.0307066,1.2921469,-2.1076708,-0.63198835
508,-3.9161193,0.939319,-1.2645116,1.9265602,-3.7893891,-1.6084783
509,-4.668984,1.3815576,-0.24723932,2.3453975,-3.0157683,-0.97953665
510,2.0974162,2.5753138,-0.922291,-1.1091293,-2.9820654,2.2130923
511,-1.82965,2.0725703,-0.45294702,1.8734269,-2.332191,-1.9379147
512,-3.3603346,-1.7878768,-1.9441805,-2.6169229,-0.73143345,2.6988163
513,1.834484,2.71264,-0.4448541,-3.0029948,-3.6164083,2.6284354
514,1.999663,2.1508768,-0.6062184,-2.1312366,-3.7335515,3.5746536
515,2.763281,3.0178194,0.8757244,1.0197341,-1.9718524,0.07384874
516,-4.6796284,0.96878636,-0.1560559,1.8526882,-3.5096426,-1.173005
517,2.5855806,2.6417484,0.2063236,2.6300428,-1.4320763,-0.4463135
518,1.9918329,2.589799,-0.96104395,-0.61424553,-2.6386533,1.656791
519,-1.4735752,1.7582172,-1.5234447,2.3856788,-2.6097465,-2.1266232
520,-3.1121294,-1.4659125,-1.948447,-2.8186626,-0.83344054,2.9626272
521,-0.019615045,2.8209074,0.8464789,2.2731056,-1.2633978,-0.18508135
522,-1.1679085,1.0883807,-2.2976735,-4.770102,-1.3812041,5.6386595
523,-1.6298686,2.1281545,-0.4900855,2.713613,-1.9582239,-1.3917979
524,-7.8714285,-1.5319383,3.072805,2.2753375,-6.0952044,0.5404504
525,2.0107908,3.027114,1.0606401,0.9520465,-2.0133376,-0.18134002
526,-6.2836657,0.968305,0.96882105,2.178,-3.129113,-0.19498809
527,-20.768133,-10.928498,3.8134215,5.7891154,4.696443,-4.439964
528,-0.82821596,0.9306867,0.9527184,-4.2913885,-1.8961048,4.760823
529,-2.988413,1.7567109,-1.4998637,1.6723506,-2.6068451,-2.0792878
530,-4.3475747,0.89154655,-0.7034252,2.0882268,-3.748837,-1.3082656
531,-4.4613476,1.3816077,-0.5101756,2.2776241,-3.0417767,-1.1272912
532,-7.133302,-0.06439789,1.9661756,2.4206522,-4.3558455,0.1728137
533,-7.5499015,-0.66272277,2.570154,2.3773072,-5.0351987,0.33687615
534,-3.4246552,1.7394148,-1.1274757,2.6387312,-2.0708575,-1.8040684
535,1.4717695,2.6472757,-0.52006525,-2.5935423,-3.3277202,2.139418
536,-7.4056144,-1.2238196,2.455497,2.1555264,-5.829954,0.34924895
537,-7.414367,-0.043926075,2.3060005,2.45538,-4.2527823,0.19852807
538,0.044168685,2.297997,0.46854857,2.1962547,-2.2428253,-0.09998147
539,2.611842,2.6427183,0.64129823,0.68640065,-2.2721648,-0.14213316
540,-2.0864003,2.1691875,-0.33945003,2.1393232,-1.9446042,-1.9383637
541,-0.09964637,2.2939858,0.46109655,2.2168124,-2.238056,-0.10946719
542,-1.9718531,2.0643792,-0.6105079,1.9436994,-2.21604,-2.0212026
543,1.93104,2.7178998,-0.39089406,-2.9490633,-3.6201305,2.62386
544,1.2086915,2.815868,0.23452887,2.0157611,-1.4767215,-0.057575867
545,2.1241705,2.5950532,0.42427206,0.5505394,-2.1896603,-0.27348697
546,-3.1808484,-0.8708734,-2.1203794,-3.8389452,-2.3537693,2.326151
547,-6.9087267,-4.562831,-2.4089205,-0.95675653,-0.7931278,0.026645795
548,2.1555154,2.5036838,0.20320186,2.5882545,-1.5330011,-0.4974547
549,-2.5918887,2.0125847,-1.0009739,2.9673064,-1.4447058,-1.9570397
550,2.5246508,2.5571423,0.02495208,-4.0488315,-3.9230738,4.2423296
551,-2.2715583,0.036037967,-2.3971303,-3.3375263,-1.8433152,2.9303503
552,-1.0456783,2.7260559,1.6308769,1.8247994,-1.7294433,-0.9271718
553,-3.717337,1.723301,-0.93694353,2.6078944,-2.1578674,-1.6257964
554,0.50315666,1.3472803,-0.68671536,-2.8204253,-1.9253283,4.2363353
555,-7.8891625,-0.31365824,2.9568448,2.3594508,-4.458459,0.27193528
556,1.665142,2.3209302,0.20604086,2.4127045,-2.0814736,-0.58752126
557,-14.29709,-6.993352,4.100919,4.742247,4.39756,-2.9731514
558,-5.8431277,0.8869843,0.723542,2.1544523,-3.3244913,-0.33209515
559,-0.1546967,1.1683471,-1.2534016,-3.4704084,-1.7117393,4.7489734
560,2.3206348,2.8095891,0.059216466,2.3551564,-1.3246791,-0.122393474
561,1.7659384,2.6504595,-0.30355203,-2.1732576,-3.2294974,1.914135
562,2.0238707,2.635449,-0.7931534,0.5148427,-2.100104,0.38667953
563,1.9296564,2.7080965,-0.9227525,0.3799371,-2.1568067,0.2812919
564,-2.724747,1.5228806,-2.1084802,1.3815215,-3.1844363,-2.3015628
565,2.5524266,2.6576223,0.11250356,-4.3921165,-3.7529902,4.631179
566,2.6193283,2.4213703,0.21364796,2.2160852,-1.8202596,-0.7536009
567,-6.5129447,0.13235007,1.3458056,2.1353815,-4.1964993,0.0044436306
568,-4.6185913,1.3954836,-0.31056425,2.3323112,-3.0036812,-1.0128287
569,-1.027299,1.0510654,-2.2239006,-4.578796,-1.4043145,5.660187
570,-1.4891416,0.9449153,-2.063542,-5.0883856,-3.0330825,3.5969064
571,-1.7792295,0.82535535,-2.5379865,-3.9571855,-2.126367,3.5347617
572,2.38968,2.283619,0.3876433,2.751175,-1.7524204,-0.9518728
573,-5.6935678,0.7469302,0.7573619,2.1485245,-3.5879397,-0.4611842
574,1.0081095,1.5662776,-0.57231283,-2.4689946,-2.4980292,3.9276485
575,-7.7904744,-1.695115,2.8704236,2.1993828,-6.329686,0.49234533
576,-5.0026984,1.4468676,0.031716254,2.447838,-2.850158,-0.73612607
577,-4.5165277,1.8264943,-0.10971126,2.7909029,-1.9534025,-1.0767809
578,-7.7852063,-0.7673237,2.8627641,2.3856199,-5.107666,0.38133022
579,-2.944088,-0.9655984,-2.158542,-2.5580542,-1.4707025,2.1997054
580,-2.0563881,2.4049885,0.74111414,2.889997,-1.0016756,-1.6089525
581,2.0035713,2.6224506,-0.84810245,0.265087,-2.1895416,0.7019003
582,2.5302644,2.453813,0.09569582,2.0460906,-1.7985771,-0.74542516
583,-2.7308993,-0.89991695,-2.0475032,-2.970656,-1.175882,2.9663084
584,-4.188001,1.5752424,-0.7513902,2.3348074,-2.7133834,-1.2934796
585,-4.7285614,0.7126773,-0.20033166,2.1903439,-3.9128454,-1.060637
586,2.4543574,2.2968662,0.39429793,2.7392292,-1.7596178,-0.96129274
587,-5.2295437,-2.7613328,-0.24950019,-1.8943102,0.978715,2.940871
588,-1.9150511,2.2282093,-0.39201704,2.9097786,-1.4958538,-1.4175075
589,0.02200454,3.431572,1.9008037,1.7531661,-1.2219137,-0.3863312
590,-6.656061,-3.3737965,0.89583576,-0.45963275,1.7435569,1.746942
591,-3.0801651,1.7985913,-1.3362759,1.779561,-2.4557333,-2.0181375
592,-8.856346,-4.0520296,2.0432713,-1.8152146,1.8631449,2.806241
593,-4.182969,1.7919296,-0.4233137,2.7239265,-2.0310712,-1.309568
594,1.795396,2.7460413,-1.1681124,-0.35685974,-2.4612913,0.89902836
595,-3.8312776,2.0212939,-0.4226733,2.2644715,-1.8435048,-1.5566847
596,-5.4732738,0.6620757,0.6144166,2.0713344,-3.763536,-0.63379294
597,-0.96145725,0.97090846,-1.8986986,-4.3824925,-1.1983088,5.5807567
598,-8.1135645,-1.7207718,3.3643827,2.2743962,-6.272886,0.60232675
599,-9.673307,-5.29846,1.907264,-0.06257106,1.945432,0.9455172
